path	kind	mode	git_object
last-week-in-tinycorp/2024-11-11/meeting-transcript.md	blob	100644	8ca28fcb2a79479af158c113a015636a12f351e8
last-week-in-tinycorp/2024-11-18/meeting-transcript.md	blob	100644	dd0b7ee3d78dfb8528bad30be2b0d5e569cc8593
last-week-in-tinycorp/2024-11-25/meeting-transcript.md	blob	100644	62ff0a3739ca6be9e145bc646759a7052cbfb719
last-week-in-tinycorp/2024-12-02/meeting-transcript.md	blob	100644	d095c57d5f8008ec2eebe06adbc415c0b8c2e0db
last-week-in-tinycorp/2024-12-09/meeting-transcript.md	blob	100644	14b0ccb809461610c9f9428a91757bc7f733e030
last-week-in-tinycorp/2024-12-16/meeting-transcript.md	blob	100644	c20c1171e8279916f4525205510f220e7c7c322e
last-week-in-tinycorp/2024-12-23/meeting-transcript.md	blob	100644	1ca226db2f11b8a53cfd8edbbcaaaa03718cfe54
last-week-in-tinycorp/2024-12-30/meeting-transcript.md	blob	100644	b950ce209136dc87d06b9dc0872210b58b250322
last-week-in-tinycorp/2025-01-06/meeting-transcript.md	blob	100644	51ffd4ee3f7148cd7b8ddee02755f1ec23ac1230
last-week-in-tinycorp/2025-01-13/meeting-transcript.md	blob	100644	edde6220e52ca4ddb457a3a5eb50365776bee2aa
last-week-in-tinycorp/2025-01-20/meeting-transcript.md	blob	100644	203cae9a9adacc4eb4913a5673330c4a5eb53a16
last-week-in-tinycorp/2025-01-27/meeting-transcript.md	blob	100644	ebe329269c7ec37862cb600cff514ce1d2787fdc
last-week-in-tinycorp/2025-02-03/meeting-transcript.md	blob	100644	09cb2642d13b42ce0c5bdd7fcf24895d246e10bf
last-week-in-tinycorp/2025-02-10/meeting-transcript.md	blob	100644	6d06512bd83b404921db94f7271d18eabd875533
last-week-in-tinycorp/2025-02-17/meeting-transcript.md	blob	100644	72de7840fcbdbec10b79cc5400ea306eea6b79eb
last-week-in-tinycorp/2025-02-24/meeting-transcript.md	blob	100644	773fa0ec0430d6b21c208ed84f24b625a1688bc3
last-week-in-tinycorp/2025-03-03/meeting-transcript.md	blob	100644	e2da4b5ece34ca7c935768c74d85789db0179546
last-week-in-tinycorp/2025-03-10/meeting-transcript.md	blob	100644	c1f51fb93cce7a12cb20587106bd9db32daadbf2
last-week-in-tinycorp/2025-03-17/meeting-transcript.md	blob	100644	87cd62f76909f211c0bcb750b14121f72f8fb24a
last-week-in-tinycorp/2025-03-24/meeting-transcript.md	blob	100644	523cf6af620d1f44653eb907935618281c48e39a
last-week-in-tinycorp/2025-03-31/meeting-transcript.md	blob	100644	9be8469779426ffa4d2ab1f00b70e7ad24050b2e
last-week-in-tinycorp/2025-04-07/meeting-transcript.md	blob	100644	bd24303e776d9fd0b010bb64412b0286b6fd2e46
last-week-in-tinycorp/2025-04-14/meeting-transcript.md	blob	100644	90940f3bb8f9f566db0809ca6eb77c6588a5e7dd
last-week-in-tinycorp/2025-04-21/meeting-transcript.md	blob	100644	995ff472797f05d3b6c1c9e8a60109552e203b5c
last-week-in-tinycorp/2025-04-28/meeting-transcript.md	blob	100644	c755253e450836a4d36ca471a3d0f29f20d77f38
last-week-in-tinycorp/2025-05-05/meeting-transcript.md	blob	100644	0edb2a4c678015c10648dd25c04089a6a8bb1721
last-week-in-tinycorp/2025-05-12/meeting-transcript.md	blob	100644	11813735d397f85100e6938d9a5e9c882f18900f
last-week-in-tinycorp/2025-05-19/meeting-transcript.md	blob	100644	8d6637c35a5a0d6914206c5910432de9ac15ec0b
last-week-in-tinycorp/2025-05-26/meeting-transcript.md	blob	100644	743dd243a714dfda5aca782b9a7298982f59afcb
last-week-in-tinycorp/2025-06-02/meeting-transcript.md	blob	100644	353f66961f337418b4d323a4bb1488a61489a44a
last-week-in-tinycorp/2025-06-09/meeting-transcript.md	blob	100644	3313765dd74cba276c5d2af22020e39424369934
last-week-in-tinycorp/2025-06-16/meeting-transcript.md	blob	100644	baeef0b86e578bae16a93c5d582209d2cd857c17
last-week-in-tinycorp/2025-06-23/meeting-transcript.md	blob	100644	1826e5bd5af28cbe74cc36baf6873893d7105d37
last-week-in-tinycorp/2025-06-30/meeting-transcript.md	blob	100644	783db7375efd0823a382d979c4d5cb32e5a2f9e8
last-week-in-tinycorp/2025-07-07/meeting-transcript.md	blob	100644	96e318599db7a3c91d87e5dbdb6432b2130936d5
last-week-in-tinycorp/2025-07-14/meeting-transcript.md	blob	100644	7d25be34ff17d98697b26282404265204e52c847
last-week-in-tinycorp/2025-07-21/meeting-transcript.md	blob	100644	f3a3b960af8a9b5364419c3da511e26978ab6005
last-week-in-tinycorp/2025-07-28/meeting-transcript.md	blob	100644	0751c368deca986f3607dea9e1460203db0fa244
last-week-in-tinycorp/2025-08-04/meeting-transcript.md	blob	100644	4e33a445f7afdbd347fb8e1698ca7fad0cdcc68d
last-week-in-tinycorp/2025-08-11/meeting-transcript.md	blob	100644	3a59ade95ba88223cd5d79621502626324186eb1
last-week-in-tinycorp/2025-08-18/meeting-transcript.md	blob	100644	0e8c9c36f8311359e249c3ebddac29004bae28f8
last-week-in-tinycorp/2025-08-25/meeting-transcript.md	blob	100644	b99598cb03e01e09894b927bc0f0868ea92ef5c4
last-week-in-tinycorp/2025-09-08/meeting-transcript.md	blob	100644	4b7b32fa7bc9593a327c8d0ef23d89bf3fbc225f
last-week-in-tinycorp/2025-09-15/meeting-transcript.md	blob	100644	f5ec15e5a6e6d0b30fb19348449b162b722cd21d
last-week-in-tinycorp/2025-09-22/meeting-transcript.md	blob	100644	4bea8dd57c480c06b8e0a02f65a826668156c3ca
last-week-in-tinycorp/2025-09-29/meeting-transcript.md	blob	100644	866c69f4ab1b8aa41e40f7378b79e9dbb3aa0893
last-week-in-tinycorp/2025-10-06/meeting-transcript.md	blob	100644	8b57c4f32f253e0fdf1fee47ecbdaa7d3f4786cc
last-week-in-tinycorp/2025-10-20/meeting-transcript.md	blob	100644	7b09d055277322837e13b92d34cd2d79ebb5a05a
last-week-in-tinycorp/2025-10-27/meeting-transcript.md	blob	100644	7c46dfbde0509d06d784dfc59ae53e1da0cca1a7
last-week-in-tinycorp/2025-11-04/meeting-transcript.md	blob	100644	e5f95f61f1300c7794c83ee2bc1010f3afa973e2
last-week-in-tinycorp/2025-11-10/meeting-transcript.md	blob	100644	0a8b7ba6e674b2a63841d2ca019981ef1ccbda3e
last-week-in-tinycorp/2025-11-17/meeting-transcript.md	blob	100644	bf1ca19067a316e23a2dc52a40dba127d537c6ff
last-week-in-tinycorp/2025-11-24/meeting-transcript.md	blob	100644	0f8124fd4ae48da99a18a2fdffce7a1acd515fd9
last-week-in-tinycorp/2025-12-01/meeting-transcript.md	blob	100644	fbd848eb30dae30f6da3cb7d6cb68b616eb24241
last-week-in-tinycorp/2025-12-08/meeting-transcript.md	blob	100644	4d48c0b83e7cb5e21caeb1cf1b8e83ea955b98d4
last-week-in-tinycorp/2025-12-15/meeting-transcript.md	blob	100644	3ba72603c87c251750720dfaa0ddfd70c6901439
last-week-in-tinycorp/2025-12-22/meeting-transcript.md	blob	100644	cedb06aa6deafd16d8a7b104060a20833b493110
last-week-in-tinycorp/2025-12-29/meeting-transcript.md	blob	100644	62550875bcdb18c6af53b39c6aca2a11f9cfc26c
last-week-in-tinycorp/2026-01-05/meeting-transcript.md	blob	100644	f19ca3d7e6b9a55139dd47c6f6758b17b639f448
last-week-in-tinycorp/2026-01-12/meeting-transcript.md	blob	100644	14f1978d923a107afce852f7292cd5124640a7b7
last-week-in-tinycorp/2026-01-19/meeting-transcript.md	blob	100644	bce31f9988b828e1d545c1f07fe51ee037198a56
last-week-in-tinycorp/2026-01-26/meeting-transcript.md	blob	100644	9c40427657cf0a2fb211382e68dc309987d4c704
last-week-in-tinycorp/2026-02-02/meeting-transcript.md	blob	100644	11b8aabc1d9a083b514072364c16295d08fa77d4
last-week-in-tinycorp/2026-02-09/meeting-transcript.md	blob	100644	d1cb269be9cfd6340f022feb154a97d27a3d0769
last-week-in-tinycorp/2026-02-17/meeting-transcript.md	blob	100644	564925cfcc7feaef278b7f010c87b8c4acce6cb0
last-week-in-tinycorp/2026-02-24/meeting-transcript.md	blob	100644	4793f40cc720cf432c317b5166de3d72c3bca0f8
last-week-in-tinycorp/2026-03-03/meeting-transcript.md	blob	100644	f51ca30ba20f595ea08f54eb7d0680caadc30e16
last-week-in-tinycorp/2026-03-10/meeting-transcript.md	blob	100644	5f53d4c8229b69f198975279581f693a3d6bc724
last-week-in-tinycorp/2026-03-17/meeting-transcript.md	blob	100644	cd4e83bf461a2c44148952b140ab2dea51d5edf4
last-week-in-tinycorp/2026-03-24/meeting-transcript.md	blob	100644	f8686f030db5d84c7a1007d5c43628196beceac5
last-week-in-tinycorp/2026-03-31/meeting-transcript.md	blob	100644	4e118dc729414c234d67b329e8dc83b5c1149287
last-week-in-tinycorp/2026-04-07/meeting-transcript.md	blob	100644	09b45b125a61a206bee7a86680995bf09924abad
last-week-in-tinycorp/2026-04-14/meeting-transcript.md	blob	100644	9d9010d1b91a29e6f3ebf6d82262622bb0d2d898
last-week-in-tinycorp/2026-04-21/meeting-transcript.md	blob	100644	2c04ae9e696dbc7398ec7d4bf46560112a6e17f7
last-week-in-tinycorp/2026-04-29/meeting-transcript.md	blob	100644	db05618a99655f5d96dc8453dce11bc571fb644a
last-week-in-tinycorp/2026-05-04/meeting-transcript.md	blob	100644	16857d5124eb0ce30fdb0ad626f2ebf1a04fc3e0
last-week-in-tinycorp/2026-05-11/meeting-transcript.md	blob	100644	f38c27ca79bda66dbf0b6ab6e771f9a9f3f66555
last-week-in-tinycorp/2026-05-18/meeting-transcript.md	blob	100644	cdeda5959724e81e15f5c1da8038ba98b3daac7d
last-week-in-tinycorp/2026-05-25/meeting-transcript.md	blob	100644	23f843a33d4dce858b74dd311b75623a4023c2d3
last-week-in-tinycorp/2026-06-01/meeting-transcript.md	blob	100644	69bf3b49486468bdb39de33761bb61ce22a59f0e
last-week-in-tinycorp/2026-06-08/meeting-transcript.md	blob	100644	8acea663dc5c760439af61034a2eb140fcc12ea2
last-week-in-tinycorp/2026-06-15/meeting-transcript.md	blob	100644	bdcb4c0e1115fc2691915020897c977a03a78c29
last-week-in-tinycorp/2026-06-22/meeting-transcript.md	blob	100644	2953977a6c0f08a74f3ca3e3a96fb84d7831a560
last-week-in-tinycorp/2026-06-29/meeting-transcript.md	blob	100644	bb7eab5690649ea61249a6eac7a4f9c6f6a5fc05
last-week-in-tinycorp/2026-07-06/meeting-transcript.md	blob	100644	2303fb754c942ea1187749be1e77c60988c6ad59
last-week-in-tinycorp/2026-07-13/meeting-transcript.md	blob	100644	5e0687d0e29dfd41649e127f90ac2c9a2d5aafe1
last-week-in-tinycorp/2026-07-20/meeting-transcript.md	blob	100644	10157fe480909f04a7fc3eb9ee47c3bd9dd8ac18
last-week-in-tinycorp/2026-07-27/meeting-transcript.md	blob	100644	45f1352d802f020deaf776d30c06a59aa40a7108
last-week-in-tinycorp/2026-08-03/meeting-transcript.md	blob	100644	e0ffabc165152de71416009ed2cb1c7f01e94c78
last-week-in-tinycorp/2026-08-10/meeting-transcript.md	blob	100644	1b9e0f3817ea05e34d6a01355fdb899b2aceac40
last-week-in-tinycorp/2026-08-17/meeting-transcript.md	blob	100644	eba4cac5fbe4ddb3155a7c6ceba584519b769fd1
last-week-in-tinycorp/2026-08-24/meeting-transcript.md	blob	100644	821dde3b6991832b3ed4e8cf7e7122bc7946569f
last-week-in-tinycorp/2026-08-30/meeting-transcript.md	blob	100644	2632d0622819150bb02bc52788095d9553ddc245
last-week-in-tinycorp/2026-09-07/meeting-transcript.md	blob	100644	28eb87e607c85f19b7cac7296191143e066b8001
last-week-in-tinycorp/2026-09-15/meeting-transcript.md	blob	100644	73bc0fba6df3aa66e3a242976939af7deb9f83a5
last-week-in-tinycorp/README.md	blob	100644	e69de29bb2d1d6434b8b29ae775ad8c2e48c5391
last-week-in-tinycorp/consensus-talk/meeting-transcript.md	blob	100644	ff865541a329bd05df8b687dda97b1241edf45fa
